date,open,high,low,close,volume
03/01/2017,27.3275,27.4526,27.0821,27.4101,115127460
04/01/2017,27.3393,27.4951,27.3157,27.3795,84472464
05/01/2017,27.3559,27.5787,27.3299,27.5187,88774348
06/01/2017,27.5588,27.8845,27.4857,27.8255,127007600
09/01/2017,27.8349,28.1842,27.8326,28.0803,134247792
10/01/2017,28.0284,28.1724,27.9175,28.1087,97848204
11/01/2017,28.0213,28.3022,27.9883,28.2597,110354372
12/01/2017,28.0579,28.1535,27.8963,28.1417,108344880
13/01/2017,28.1087,28.229,28.0379,28.0921,104447792
17/01/2017,27.9269,28.3753,27.8986,28.3187,137759372
18/01/2017,28.3187,28.4367,28.2503,28.3163,94851844
19/01/2017,28.1771,28.3399,28.17,28.2668,102389164
20/01/2017,28.4249,28.4249,28.2561,28.3187,130391568
23/01/2017,28.3187,28.5098,28.2644,28.3376,88200872
24/01/2017,28.2125,28.3423,28.2007,28.3116,92844152
25/01/2017,28.4178,28.8143,28.3848,28.7624,130346692
26/01/2017,28.7128,28.8945,28.6963,28.7765,105350304
27/01/2017,28.8237,28.8733,28.6963,28.7789,82251776
30/01/2017,28.5382,28.7034,28.4744,28.7034,121510012
31/01/2017,28.5901,28.6467,28.465,28.6373,196803972
01/02/2017,29.9777,30.7942,29.973,30.3836,447940160
02/02/2017,30.2007,30.5346,30.1547,30.3317,134841644
03/02/2017,30.2798,30.4874,30.2444,30.4615,98029204
06/02/2017,30.4733,30.7966,30.419,30.747,107383696
07/02/2017,30.806,31.1718,30.7848,31.0396,152735364
08/02/2017,30.9972,31.2025,30.9665,31.16,92016288
09/02/2017,31.2017,31.3901,31.0761,31.3842,113399436
10/02/2017,31.3937,31.5074,31.2965,31.3131,80261832
13/02/2017,31.5406,31.716,31.4624,31.5904,92141684
14/02/2017,31.633,32.017,31.5809,32.0004,132904892
15/02/2017,32.1189,32.2967,31.9056,32.1165,142492400
16/02/2017,32.1545,32.209,31.9577,32.0774,90338220
17/02/2017,32.0194,32.1924,32.0194,32.1663,88792788
21/02/2017,32.2872,32.4104,32.2279,32.3986,98028624
22/02/2017,32.3346,32.4981,32.2587,32.4957,83347728
23/02/2017,32.5597,32.5834,32.3038,32.3583,83152744
24/02/2017,32.2113,32.3891,32.062,32.3891,87106340
27/02/2017,32.5029,32.5728,32.299,32.4531,81029704
28/02/2017,32.4886,32.5728,32.3986,32.4673,93931440
01/03/2017,32.6806,33.2162,32.6107,33.1309,145658340
02/03/2017,33.1807,33.2467,32.8868,32.9342,104843936
03/03/2017,32.8915,33.1404,32.8465,33.1285,86284484
06/03/2017,33.0302,33.1262,32.8479,33.0243,87000176
07/03/2017,32.9579,33.1759,32.8939,33.0669,69785188
08/03/2017,32.9318,33.1333,32.901,32.9437,74828944
09/03/2017,32.8821,32.8939,32.4815,32.8678,88623616
10/03/2017,33.0029,33.0283,32.8584,32.9769,78451204
13/03/2017,32.9081,33.0456,32.901,32.9911,69686868
14/03/2017,33.0148,33.0977,32.9058,32.9413,61236260
15/03/2017,33.0409,33.3585,32.9496,33.2897,102767096
16/03/2017,33.3513,33.4224,33.2423,33.3442,76927992
17/03/2017,33.4177,33.4177,33.1546,33.1783,175539808
20/03/2017,33.2755,33.5362,33.2352,33.5267,86168152
21/03/2017,33.6808,33.8443,33.1167,33.1428,158119648
22/03/2017,33.144,33.5599,33.1238,33.5172,103440660
23/03/2017,33.4793,33.5562,33.3253,33.3987,81385204
24/03/2017,33.5362,33.5931,33.2636,33.3324,89582252
27/03/2017,33.0361,33.4698,32.8536,33.3893,94300376
28/03/2017,33.3964,34.1382,33.3276,34.0813,133499220
29/03/2017,34.0529,34.2448,33.9367,34.1571,116759820
30/03/2017,34.1737,34.2472,34.0102,34.1121,84829008
31/03/2017,34.0623,34.1927,33.8941,34.0481,78646604
03/04/2017,34.06,34.1571,33.9036,34.0576,79942856
04/04/2017,33.951,34.3396,33.932,34.3112,79565416
05/04/2017,34.1808,34.4747,34.0837,34.1334,110871416
06/04/2017,34.1974,34.2519,33.9984,34.0481,84596136
07/04/2017,34.0647,34.1714,33.9557,33.9723,66634172
10/04/2017,34.0339,34.1001,33.868,33.932,75733588
11/04/2017,33.8775,33.9747,33.1949,33.567,121517504
12/04/2017,33.5599,33.6902,33.4201,33.6073,81400000
13/04/2017,33.6334,33.7448,33.4295,33.4295,71291520
17/04/2017,33.5315,33.6263,33.3869,33.6144,66328376
18/04/2017,33.5149,33.6642,33.4438,33.4651,58790176
19/04/2017,33.6263,33.6547,33.2873,33.3419,69313500
20/04/2017,33.4698,33.8727,33.4556,33.759,93278248
21/04/2017,33.759,33.8159,33.6191,33.7187,69283712
24/04/2017,34.0102,34.1169,33.9344,34.0434,68466396
25/04/2017,34.1074,34.342,34.0979,34.2543,75486004
26/04/2017,34.2401,34.2709,33.9809,34.0529,80164964
27/04/2017,34.1103,34.1666,33.9652,34.0789,56985388
28/04/2017,34.15,34.1998,33.9557,34.0458,83441432
01/05/2017,34.3894,34.8871,34.3562,34.7402,134411772
02/05/2017,34.9677,35.0981,34.8018,34.9606,181408776
03/05/2017,34.5055,34.9559,34.1927,34.8539,182788136
04/05/2017,34.726,34.8729,34.5577,34.7283,93487488
05/05/2017,34.7828,35.309,34.7828,35.3043,109310900
08/05/2017,35.3208,36.4277,35.3208,36.2641,195009652
09/05/2017,36.4679,36.7073,36.3684,36.4964,156521452
10/05/2017,36.4111,36.4845,36.0508,36.3234,103222768
11/05/2017,36.2793,36.6648,36.2459,36.6362,109020232
12/05/2017,36.8147,37.224,36.8076,37.1479,130108068
15/05/2017,37.1264,37.2788,36.898,37.0527,104038876
16/05/2017,37.1098,37.1383,36.8195,36.9979,80193912
17/05/2017,36.5529,36.7838,35.6272,35.7557,203070712
18/05/2017,35.9984,36.4911,35.9651,36.3007,134272860
19/05/2017,36.5006,36.6434,36.3221,36.4244,107843152
22/05/2017,36.6481,36.7861,36.3887,36.6457,91865748
23/05/2017,36.8623,36.8623,36.4839,36.6005,79675484
24/05/2017,36.61,36.6886,36.3316,36.4911,76876616
25/05/2017,36.5839,36.7314,36.4173,36.6172,76942392
26/05/2017,36.6481,36.7052,36.4839,36.5553,87710548
30/05/2017,36.5101,36.7504,36.4887,36.5696,80507404
31/05/2017,36.641,36.6886,36.2626,36.353,97804656
01/06/2017,36.4506,36.4887,36.2245,36.453,65616352
02/06/2017,36.5482,36.9932,36.384,36.9932,111082860
05/06/2017,36.729,36.7552,36.5196,36.6315,101326648
06/06/2017,36.6243,37.0789,36.5958,36.7552,106499704
07/06/2017,36.8909,37.1193,36.7623,36.9741,84278588
08/06/2017,36.9456,37.0146,36.7433,36.8837,85003192
09/06/2017,36.9313,36.9313,34.7491,35.4535,259530628
12/06/2017,34.6824,34.7657,33.9138,34.6063,289229320
13/06/2017,35.0204,35.0894,34.542,34.8847,136661780
14/06/2017,35.1013,35.1013,34.2303,34.5444,126124928
15/06/2017,34.1065,34.3825,33.8424,34.3374,128661492
16/06/2017,34.216,34.3874,33.84,33.8567,201444372
19/06/2017,34.1875,34.9204,34.1875,34.8252,130165616
20/06/2017,34.9514,34.9514,34.4921,34.5087,99600292
21/06/2017,34.6301,34.7608,34.4135,34.7134,85063004
22/06/2017,34.6896,34.9109,34.5349,34.6563,76425176
23/06/2017,34.5373,35.0204,34.5325,34.811,141757556
26/06/2017,35.0227,35.2869,34.5968,34.7015,102769444
27/06/2017,34.5087,34.7824,34.1779,34.2041,99047564
28/06/2017,34.385,34.7705,34.0685,34.7039,88329728
29/06/2017,34.4373,34.5373,33.8591,34.1922,125997472
30/06/2017,34.3755,34.4968,34.216,34.2731,92096428
03/07/2017,34.4778,34.5777,34.0542,34.1494,57033200
05/07/2017,34.1946,34.4564,33.9646,34.2898,86278228
06/07/2017,34.0352,34.1494,33.89,33.9661,96515128
07/07/2017,34.0066,34.4469,34.0066,34.3112,76806848
10/07/2017,34.2945,34.7324,34.1184,34.5206,84362544
11/07/2017,34.4421,34.7086,34.3588,34.6325,79127344
12/07/2017,34.7134,34.7872,34.4635,34.6824,99537912
13/07/2017,34.6253,35.3369,34.6111,35.1655,100797492
14/07/2017,35.2131,35.5368,35.0608,35.4678,80528244
17/07/2017,35.4154,35.9104,35.3559,35.5915,95173824
18/07/2017,35.5058,35.7272,35.3797,35.7153,71475168
19/07/2017,35.8104,36.0341,35.6843,35.939,83691876
20/07/2017,36.0532,36.1103,35.7414,35.7771,68974992
21/07/2017,35.6938,35.8009,35.4297,35.7605,105010520
24/07/2017,35.8342,36.2769,35.6724,36.1936,85972640
25/07/2017,36.1246,36.61,36.1246,36.3483,75415728
26/07/2017,36.4934,36.6315,36.4244,36.5196,63123804
27/07/2017,36.5886,36.6457,35.0537,35.8295,129905348
28/07/2017,35.67,35.751,35.5035,35.5772,68854612
31/07/2017,35.6724,35.7748,35.2512,35.394,79383680
01/08/2017,35.482,35.7486,35.3178,35.7081,141474580
02/08/2017,37.9046,38.0165,37.1621,37.3954,279747200
03/08/2017,37.3739,37.412,36.8909,37.0217,108389184
04/08/2017,37.1407,37.4572,37.0503,37.2169,82239408
07/08/2017,37.3763,37.819,37.2835,37.7928,87481284
08/08/2017,37.7428,38.5115,37.6643,38.095,144823584
09/08/2017,37.8999,38.3782,37.8642,38.3282,104526120
10/08/2017,38.2065,38.2304,36.9473,37.1122,163217092
11/08/2017,37.418,37.8894,37.2914,37.6283,105028384
14/08/2017,38.0679,38.2806,37.9317,38.1946,88490936
15/08/2017,38.3881,38.7549,38.2639,38.6127,117861948
16/08/2017,38.694,38.8301,38.2662,38.4574,110686448
17/08/2017,38.3547,38.4001,37.7143,37.7191,111762260
18/08/2017,37.7191,38.1109,37.4467,37.6331,109712276
21/08/2017,37.6331,37.7262,37.062,37.5638,105474112
22/08/2017,37.8075,38.2304,37.7573,38.1778,86418340
23/08/2017,38.0082,38.3427,37.9628,38.2256,77596324
24/08/2017,38.3332,38.4072,37.8839,38.056,79275672
25/08/2017,38.1468,38.3642,38.056,38.197,101920252
28/08/2017,38.2639,38.7083,38.2137,38.5816,103863888
29/08/2017,38.2543,38.9759,38.2304,38.9257,118067640
30/08/2017,39.1384,39.1599,38.854,39.0309,109078336
31/08/2017,39.1001,39.3104,39.0619,39.1862,107140384
01/09/2017,39.3773,39.4108,39.0978,39.1981,66364204
05/09/2017,39.1264,39.2459,38.3642,38.7274,118145256
06/09/2017,38.8779,38.9448,38.3547,38.6868,86606904
07/09/2017,38.7298,38.7656,38.3164,38.5315,87714008
08/09/2017,38.4359,38.5052,37.8792,37.9031,114446140
11/09/2017,38.3499,38.7202,38.2041,38.5888,126323192
12/09/2017,38.854,39.1766,37.9365,38.4359,286856184
13/09/2017,38.1993,38.2209,37.731,38.1468,179629444
14/09/2017,37.9891,38.087,37.774,37.8194,95042996
15/09/2017,37.8648,38.4622,37.7525,38.2017,196458408
18/09/2017,38.2567,38.3499,37.7513,37.9126,113077740
19/09/2017,38.1133,38.1755,37.8577,37.927,83242528
20/09/2017,37.7286,37.8147,36.7561,37.2914,211805456
21/09/2017,37.2269,37.2269,36.4981,36.651,150046644
22/09/2017,36.3237,36.3834,35.9748,36.2926,186581772
25/09/2017,35.8386,36.2783,35.6403,35.9724,177549344
26/09/2017,36.2663,36.7777,36.2448,36.5913,146640180
27/09/2017,36.749,36.9685,36.6869,36.8517,102016908
28/09/2017,36.7705,36.8637,36.4861,36.6247,88021820
29/09/2017,36.608,36.8278,36.3189,36.8254,105199240
02/10/2017,36.8589,36.9043,36.4909,36.7514,74795368
03/10/2017,36.7992,37.0572,36.7753,36.9115,64921172
04/10/2017,36.7084,36.7633,36.4288,36.6725,80655000
05/10/2017,36.8398,37.1408,36.8087,37.1289,85135076
06/10/2017,37.0285,37.1528,36.9306,37.1074,69630232
09/10/2017,37.2292,37.4491,37.1516,37.2364,65051692
10/10/2017,37.2878,37.7525,37.0596,37.2508,62468056
11/10/2017,37.2675,37.5088,37.2149,37.4061,67622560
12/10/2017,37.3583,37.602,37.2101,37.2746,64500216
13/10/2017,37.4491,37.5805,37.3726,37.5112,65576752
16/10/2017,37.7286,38.2304,37.6689,38.2017,96485808
17/10/2017,38.1778,38.4383,38.0464,38.3427,75989100
18/10/2017,38.3308,38.4001,38.1348,38.1731,65496656
19/10/2017,37.4539,37.5327,37.0405,37.2699,170336664
20/10/2017,37.4204,37.6928,37.2651,37.3344,95896584
23/10/2017,37.4873,37.6785,37.1552,37.3153,87937308
24/10/2017,37.3439,37.6139,37.3224,37.5375,71028920
25/10/2017,37.4921,37.645,37.1002,37.3726,84828392
26/10/2017,37.5685,37.7118,37.461,37.6116,68001876
27/10/2017,38.0608,39.0906,37.9198,38.9592,177816640
30/10/2017,39.1599,40.1587,39.1193,39.8361,178803088
31/10/2017,40.118,40.5362,39.8887,40.3904,144187312
01/11/2017,40.5887,40.6055,39.5709,39.8767,134551048
02/11/2017,40.0559,40.2614,39.492,40.1682,165573492
03/11/2017,41.5756,41.6377,40.8874,41.2172,237594524
06/11/2017,41.1849,41.8121,41.0308,41.6353,140105224
07/11/2017,41.5541,41.8742,41.48,41.7691,97445940
08/11/2017,41.7333,42.1108,41.6544,42.1108,95630556
09/11/2017,41.8408,42.0761,41.3701,42.0248,116742672
10/11/2017,41.9917,42.0564,41.7903,41.8862,100582000
13/11/2017,41.6056,41.8454,41.5816,41.7183,67928320
14/11/2017,41.4953,41.6008,41.0493,41.0877,99129948
15/11/2017,40.7591,40.843,40.3778,40.5457,116632280
16/11/2017,41.0493,41.2147,40.8383,41.0301,94549936
17/11/2017,41.0157,41.0996,40.68,40.8023,87598176
20/11/2017,40.8359,40.9006,40.6608,40.7615,65049788
21/11/2017,40.9534,41.6536,40.9534,41.5193,100525180
22/11/2017,41.5721,41.9653,41.4977,41.9557,102355700
24/11/2017,41.9893,42.0852,41.8804,41.9581,56106692
27/11/2017,41.9773,41.9845,41.5673,41.7471,82867208
28/11/2017,41.7975,41.9342,41.2123,41.5025,105715208
29/11/2017,41.397,41.4665,40.0853,40.6416,166665456
30/11/2017,40.8694,41.2795,40.3922,41.2099,166108872
01/12/2017,40.7543,41.1668,40.4066,41.0181,159037152
04/12/2017,41.361,41.3946,40.6776,40.7184,130169540
05/12/2017,40.5409,41.1308,40.3826,40.68,109400616
06/12/2017,40.1668,40.8154,39.9174,40.5289,114240000
07/12/2017,40.5337,40.8718,40.5049,40.6033,102693232
08/12/2017,40.8838,41.0061,40.4833,40.6152,93420924
11/12/2017,40.5745,41.4593,40.4762,41.4066,141095036
12/12/2017,41.2819,41.3394,41.1167,41.174,77636920
13/12/2017,41.3658,41.6152,41.2459,41.3107,95273788
14/12/2017,41.3418,41.5169,41.162,41.2987,81906164
15/12/2017,41.6368,41.7663,41.3562,41.7183,160677228
18/12/2017,41.9365,42.4929,41.9318,42.3058,117684456
19/12/2017,41.9725,42.0588,41.7471,41.855,109745788
20/12/2017,41.9342,42.066,41.5457,41.8095,93902596
21/12/2017,41.7663,42.2099,41.7495,41.9677,83799584
22/12/2017,41.8886,42.067,41.8454,41.9677,65397776
26/12/2017,40.9582,41.1188,40.6893,40.903,132742144
27/12/2017,40.7903,40.9534,40.6968,40.9102,85992852
28/12/2017,41.0061,41.2099,40.8814,41.0253,65920748
29/12/2017,40.891,40.9078,40.5793,40.5817,103999688
02/01/2018,40.8047,41.3179,40.5889,41.3083,102223736
03/01/2018,41.373,41.8574,41.2363,41.3011,118071596
04/01/2018,41.3754,41.5984,41.2651,41.4929,89738388
05/01/2018,41.5912,42.0541,41.4977,41.9653,94640072
08/01/2018,41.8095,42.1116,41.7087,41.8095,82271064
09/01/2018,41.8574,41.9797,41.584,41.8047,86335988
10/01/2018,41.5241,41.7975,41.4857,41.7951,95839580
11/01/2018,41.867,42.0825,41.843,42.0325,74670916
12/01/2018,42.2483,42.5313,42.1212,42.4665,101672320
16/01/2018,42.6608,43.0181,42.2387,42.2507,118263788
17/01/2018,42.2411,42.9845,41.9821,42.9485,137547344
18/01/2018,43.0133,43.1883,42.7447,42.9869,124773408
19/01/2018,42.831,43.0636,42.5432,42.795,129700268
22/01/2018,42.5169,42.632,42.3494,42.4449,108434204
23/01/2018,42.5169,43.03,42.4018,42.4545,130756584
24/01/2018,42.5049,42.5169,41.5337,41.7783,204420360
25/01/2018,41.8466,41.9533,40.8934,41.0325,166116016
26/01/2018,41.2459,41.2459,40.7807,41.1284,156572044
29/01/2018,40.8047,40.8047,40.0637,40.2771,202561624
30/01/2018,39.6932,40.1356,39.4954,40.0397,184192740
31/01/2018,40.0157,40.3926,39.927,40.15,129915720
01/02/2018,40.0865,40.4354,39.9894,40.234,188923148
02/02/2018,39.8071,39.9989,38.3923,38.4882,346375300
05/02/2018,38.1525,39.2987,37.4091,37.5266,290954088
06/02/2018,37.1285,39.2604,36.9295,39.0949,272975352
07/02/2018,39.1081,39.1836,38.1449,38.258,206434320
08/02/2018,38.4378,38.6081,37.1765,37.2053,217562064
09/02/2018,37.8174,38.0148,36.1729,37.6585,282690432
12/02/2018,38.1617,39.4594,37.9233,39.1753,243278156
13/02/2018,38.9923,39.6665,38.9201,39.5678,130196652
14/02/2018,39.256,40.3382,39.2163,40.2973,162579732
15/02/2018,40.88,41.6745,40.6897,41.6504,204588684
16/02/2018,41.4987,42.091,41.3567,41.5156,160704364
20/02/2018,41.4241,41.9562,41.2724,41.3759,135722160
21/02/2018,41.6119,41.9225,41.1737,41.1881,149886492
22/02/2018,41.3639,41.8816,41.3422,41.5324,123967760
23/02/2018,41.8141,42.2909,41.7828,42.2547,135249440
26/02/2018,42.4594,43.1913,42.4257,43.0902,152648696
27/02/2018,43.1215,43.4538,42.8952,42.9506,155712500
28/02/2018,43.16,43.4863,42.8687,42.8856,151128552
01/03/2018,42.9867,43.284,41.571,42.1344,195207880
02/03/2018,41.6047,42.4474,41.5204,42.4257,153815800
05/03/2018,42.1849,42.7941,42.0188,42.5726,113605464
06/03/2018,42.835,42.9169,42.4064,42.5364,95154024
07/03/2018,42.1199,42.339,41.9586,42.1416,126813848
08/03/2018,42.2499,42.6448,42.1512,42.6014,95096428
09/03/2018,42.847,43.3382,42.7098,43.3334,128740648
12/03/2018,43.408,43.9136,43.3888,43.7523,128828324
13/03/2018,43.9618,44.1809,43.1552,43.331,126774116
14/03/2018,43.4152,43.4634,42.8109,42.9626,117473424
15/03/2018,42.977,43.396,42.8735,43.0132,90975192
16/03/2018,43.0132,43.1263,42.7652,42.8615,157618752
19/03/2018,42.6929,42.7291,41.8117,42.2066,133787084
20/03/2018,42.1921,42.5677,42.1199,42.1921,78597400
21/03/2018,42.144,42.156,41.2339,41.2363,148219740
22/03/2018,40.9305,41.5758,40.5934,40.6536,165963068
23/03/2018,40.5429,40.9113,39.7122,39.7122,164115136
26/03/2018,40.4658,41.6769,40.0734,41.5974,150164944
27/03/2018,41.8165,42.1705,40.189,40.5308,163690316
28/03/2018,40.2684,40.9353,39.7724,40.083,166674180
29/03/2018,40.402,41.3519,40.1841,40.396,153594020
02/04/2018,40.4201,40.6753,39.5991,40.1312,150347164
03/04/2018,40.3623,40.6285,39.6978,40.5429,121112184
04/04/2018,39.6978,41.4145,39.6713,41.3182,138421956
05/04/2018,41.5517,41.9491,41.4313,41.6047,107732788
06/04/2018,41.1641,41.5276,40.4971,40.5405,140021160
09/04/2018,40.9016,41.6745,40.8932,40.9426,116070872
10/04/2018,41.6528,41.8936,41.2989,41.713,114456964
11/04/2018,41.4674,41.8751,41.3398,41.518,89726560
12/04/2018,41.7515,42.1344,41.6625,41.9273,91557140
13/04/2018,42.0814,42.3366,41.8575,42.0693,100497020
16/04/2018,42.1416,42.4209,42.0934,42.3318,86313680
17/04/2018,42.4931,43.0821,42.4738,42.9144,106421768
18/04/2018,42.8109,43.0541,42.587,42.8181,83018152
19/04/2018,42.1223,42.2283,41.571,41.6047,139235200
20/04/2018,41.0738,41.2239,39.8302,39.9,261964560
23/04/2018,40.1684,40.189,39.5076,39.7845,146061908
24/04/2018,39.888,40.0469,38.8166,39.2307,134768068
25/04/2018,39.1537,39.8278,39.1031,39.4016,113528336
26/04/2018,39.5148,39.9024,39.3342,39.5389,111852056
27/04/2018,39.4859,39.5654,38.6745,39.0814,142623356
30/04/2018,39.0357,40.2708,38.9659,39.7893,169709696
01/05/2018,40.0662,40.7379,39.7917,40.7138,214277504
02/05/2018,42.1885,42.7965,41.8454,42.5124,266157484
03/05/2018,42.3462,42.7363,41.9998,42.5894,136272720
04/05/2018,42.9169,44.3615,42.8976,44.2603,224805268
07/05/2018,44.5854,45.1849,44.4818,44.5806,169805692
08/05/2018,44.5396,44.8358,44.2206,44.7948,113611108
09/05/2018,44.9152,45.1199,44.595,45.1102,92844964
10/05/2018,45.2017,45.835,45.1801,45.7555,111957156
11/05/2018,45.7997,45.9374,45.3066,45.5822,104848884
14/05/2018,45.6837,45.8093,45.4057,45.4758,83115088
15/05/2018,45.1447,45.2148,44.7386,45.0625,94780636
16/05/2018,44.9731,45.5507,44.9561,45.4831,76732256
17/05/2018,45.4395,45.6595,45.0432,45.1954,69176116
18/05/2018,45.2438,45.3937,44.9876,45.0311,73190912
21/05/2018,45.4395,45.7465,45.1762,45.3501,73603148
22/05/2018,45.5302,45.6522,45.1447,45.2365,60962816
23/05/2018,45.0407,45.5604,44.8981,45.5266,80233660
24/05/2018,45.6257,45.6426,45.0069,45.4758,92935900
25/05/2018,45.4951,45.8384,45.355,45.5797,69843852
29/05/2018,45.3429,45.6208,45.1664,45.4154,90056300
30/05/2018,45.3719,45.4395,45.1447,45.3187,74762188
31/05/2018,45.251,45.4951,44.99,45.1664,109931172
01/06/2018,45.4374,45.9858,45.3791,45.981,93770040
04/06/2018,46.3181,46.7496,46.2492,46.3653,105064696
05/06/2018,46.6638,46.8752,46.4934,46.723,86263852
06/06/2018,46.8003,46.9091,46.387,46.8849,83734476
07/06/2018,46.9236,46.9381,46.4873,46.7592,85388720
08/06/2018,46.2057,46.4063,45.8674,46.3338,106627196
11/06/2018,46.2492,46.3991,45.9737,46.2202,73233840
12/06/2018,46.2577,46.554,46.2009,46.474,67644564
13/06/2018,46.5079,46.619,46.0293,46.0921,86553572
14/06/2018,46.2976,46.3024,45.9761,46.1163,86440296
15/06/2018,45.9302,45.9616,45.5024,45.6426,246876640
18/06/2018,45.4105,45.7344,45.2462,45.6184,73939460
19/06/2018,44.7483,45.0359,44.3398,44.8812,134313820
20/06/2018,45.0407,45.2462,44.8909,45.077,82514804
21/06/2018,45.2583,45.5241,44.6999,44.8256,102847592
22/06/2018,44.9852,44.9924,44.6419,44.6951,108801788
25/06/2018,44.3277,44.6951,43.6824,44.0304,126652384
26/06/2018,44.2286,45.0842,44.1199,44.5767,98276804
27/06/2018,44.7695,45.2655,44.48,44.5114,101141312
28/06/2018,44.4969,45.0069,44.4244,44.8353,69460940
29/06/2018,45.0262,45.2438,44.2093,44.741,90950664
02/07/2018,44.4292,45.2704,44.3326,45.2414,70699152
03/07/2018,45.3888,45.4275,44.3616,44.4534,55819224
05/07/2018,44.7773,45.0552,44.5404,44.8111,66416992
06/07/2018,44.816,45.5444,44.7628,45.4323,69940980
09/07/2018,45.8021,46.0873,45.7538,46.0631,79026536
10/07/2018,46.0946,46.2323,45.9665,46.0075,63756596
11/07/2018,45.5604,45.8697,45.3453,45.4105,75325880
12/07/2018,45.8093,46.2637,45.7562,46.1719,72164524
13/07/2018,46.184,46.3677,46.1405,46.2444,50079168
16/07/2018,46.2903,46.5635,46.0233,46.1429,60172440
17/07/2018,45.8625,46.3749,45.7296,46.2734,62138092
18/07/2018,46.3532,46.358,45.906,46.0196,65573524
19/07/2018,45.848,46.5393,45.848,46.3773,81147008
20/07/2018,46.3532,46.5103,45.964,46.271,82824168
23/07/2018,46.0873,46.3967,45.8166,46.3121,63957460
24/07/2018,46.5151,46.8076,46.4184,46.648,74791592
25/07/2018,46.6626,47.0952,46.5103,47.0879,67305932
26/07/2018,47.0372,47.3635,46.7955,46.9405,76303856
27/07/2018,47.129,47.1774,45.9471,46.1598,96095888
30/07/2018,46.3822,46.4547,45.6982,45.9012,84118140
31/07/2018,45.9955,46.4402,45.7634,45.993,157492152
01/08/2018,48.1297,48.7653,47.6898,48.7025,271742864
02/08/2018,48.4801,50.3654,48.4245,50.1261,249616048
03/08/2018,50.0391,50.4524,49.6645,50.2711,133789584
06/08/2018,50.2735,50.5757,50.0488,50.5322,101701548
07/08/2018,50.5926,50.6361,49.9738,50.0584,102349548
08/08/2018,49.8022,50.2276,49.4324,50.0923,90101948
09/08/2018,50.0995,50.7038,50.0802,50.4862,93970504
10/08/2018,50.2952,50.7172,50.1278,50.3364,98444808
13/08/2018,50.3776,51.1664,50.3776,50.6614,103563520
14/08/2018,50.9731,51.0713,50.5134,50.8748,82992040
15/08/2018,50.7463,51.115,50.5304,50.9937,115230256
16/08/2018,51.3599,51.8601,51.292,51.7407,114001468
17/08/2018,51.7699,52.8638,51.7019,52.774,141707988
20/08/2018,52.9001,53.1621,52.1749,52.2598,121150780
21/08/2018,52.5848,52.6794,51.9117,52.1579,104639020
22/08/2018,51.9299,52.4781,51.8669,52.1604,76072524
23/08/2018,52.0633,52.6455,52.0512,52.2671,75532896
24/08/2018,52.5363,52.6091,52.1749,52.4296,73905424
27/08/2018,52.6697,53.0554,52.4708,52.8613,82100468
28/08/2018,53.1209,53.492,53.099,53.2882,91107064
29/08/2018,53.3974,54.2075,53.2179,54.0838,109019216
30/08/2018,54.1493,55.3644,53.9431,54.581,195175296
31/08/2018,54.94,55.5124,54.8163,55.2116,173360536
04/09/2018,55.4008,55.5876,54.9691,55.3887,109560528
05/09/2018,55.5415,55.7064,54.598,55.0273,133331840
06/09/2018,54.8721,55.1437,53.6763,54.1129,137159904
07/09/2018,53.8097,54.6635,53.5332,53.6763,150479240
10/09/2018,53.5914,53.8097,52.5048,52.9559,158065812
11/09/2018,52.8783,54.4037,52.5266,54.2948,142996196
12/09/2018,54.5592,54.5737,53.3222,53.6205,197114960
13/09/2018,54.2148,55.3863,53.9843,54.9157,166825508
14/09/2018,54.7556,55.02,53.9727,54.2924,127997156
17/09/2018,53.8825,54.0765,52.6988,52.8468,148780532
18/09/2018,52.8249,53.8097,52.6624,52.9341,126286848
19/09/2018,52.9972,53.2688,52.221,52.9656,108495332
20/09/2018,53.4192,53.914,53.1548,53.3683,106435176
21/09/2018,53.5502,53.6908,52.7037,52.7934,384986992
24/09/2018,52.5897,53.6666,52.5436,53.5526,110773432
25/09/2018,53.3003,54.045,53.2882,53.8922,98217516
26/09/2018,53.6035,54.2705,53.3028,53.4629,95938824
27/09/2018,54.2875,54.923,54.2196,54.5616,120724908
28/09/2018,54.5228,54.7775,54.336,54.7532,91717456
01/10/2018,55.2893,55.6458,54.9012,55.1219,94403208
02/10/2018,55.1195,55.7865,54.9691,55.6118,99152680
03/10/2018,55.7986,56.6281,55.7331,56.2886,114619196
04/10/2018,55.9757,56.3565,54.9933,55.299,128168000
05/10/2018,55.2917,55.4008,53.5017,54.4015,134321852
08/10/2018,53.897,54.5252,53.4095,54.2754,118655692
09/10/2018,54.2439,55.1243,53.9058,55.0273,107564116
10/10/2018,54.6853,54.9012,52.4029,52.4781,167962216
11/10/2018,52.0318,53.2397,51.4982,52.0148,212497568
12/10/2018,53.4629,54.0595,52.5945,53.8728,161351404
15/10/2018,53.6423,53.8048,52.6988,52.7206,123164028
16/10/2018,53.1015,54.0862,52.5758,53.8825,116735852
17/10/2018,53.9188,54.0013,53.2009,53.6496,91541588
18/10/2018,52.8419,53.2979,51.6631,52.3956,130325260
19/10/2018,52.8904,53.6666,52.7376,53.1936,132314904
22/10/2018,53.31,54.1759,53.1039,53.5186,115168328
23/10/2018,52.3495,54.1493,52.0755,54.0231,155071384
24/10/2018,53.9916,54.387,52.0367,52.1701,163700652
25/10/2018,52.8055,53.6957,52.5727,53.3125,119423072
26/10/2018,52.3665,53.4071,51.5831,52.4635,189033500
29/10/2018,53.1645,53.2858,49.9871,51.4788,183742080
30/10/2018,51.2144,52.1919,50.7584,51.7359,146639960
31/10/2018,52.6042,53.4701,52.5412,53.0845,153435732
01/11/2018,53.1306,53.9334,52.5872,53.8994,233292720
02/11/2018,50.8263,51.8208,49.827,50.3243,365314616
05/11/2018,49.5529,49.5748,48.0661,48.8956,264654676
06/11/2018,48.9757,49.6548,48.9199,49.4244,127531524
07/11/2018,49.958,50.95,49.5117,50.9234,133697736
08/11/2018,51.109,51.143,50.3228,50.7463,101450544
09/11/2018,50.0307,50.1427,49.2275,49.7678,137463000
12/11/2018,48.4364,48.6433,47.1683,47.2608,204542072
13/11/2018,46.6426,47.9934,46.5988,46.7886,187531744
14/11/2018,47.1951,47.3363,45.2552,45.467,243203828
15/11/2018,45.854,46.7253,45.4913,46.589,185915204
16/11/2018,46.3675,47.4554,46.1144,47.105,147713012
19/11/2018,46.2458,46.4162,45.0264,45.2382,167683488
20/11/2018,43.4151,44.1696,42.719,43.0768,271300988
21/11/2018,43.7461,43.8776,42.9721,43.0281,124496840
23/11/2018,42.5803,42.9831,41.889,41.9352,94495888
26/11/2018,42.4099,42.5827,41.4411,42.5024,179994080
27/11/2018,41.7454,42.5389,41.5921,42.4099,165549508
28/11/2018,43.0159,44.1258,42.5778,44.0406,184250156
29/11/2018,44.4593,44.4934,43.252,43.7023,167079968
30/11/2018,43.8824,43.8922,43.089,43.4662,158126196
03/12/2018,44.8974,45.0142,44.1064,44.985,163192008
04/12/2018,44.0431,44.3936,42.904,43.0062,165377128
06/12/2018,41.8062,42.5413,41.4801,42.5267,172393640
07/12/2018,42.2273,42.4707,40.9641,41.0103,169126524
10/12/2018,40.1609,41.3998,39.7544,41.2805,248103976
11/12/2018,41.7819,41.8135,40.6477,41.0444,189126660
12/12/2018,41.4752,41.8452,41.1393,41.1588,142510696
13/12/2018,41.4971,42.0034,41.2683,41.6091,127591308
14/12/2018,41.1345,41.1539,40.229,40.2777,162814840
17/12/2018,40.2704,40.9763,39.6083,39.9029,177151688
18/12/2018,40.2534,40.7767,40.0124,40.4213,135366072
19/12/2018,40.4043,40.7572,38.7224,39.1605,196189188
20/12/2018,39.0412,39.4574,37.7999,38.1723,259091840
21/12/2018,38.1796,38.496,36.4198,36.6876,382977536
24/12/2018,36.0596,36.8871,35.6799,35.7383,148676928
26/12/2018,36.0961,38.2697,35.7115,38.255,234330176
27/12/2018,37.9313,38.1577,36.5269,38.0068,212468260
28/12/2018,38.3354,38.5836,37.6173,38.0263,169165696
31/12/2018,38.5861,38.7881,38.0871,38.3938,140013864
02/01/2019,37.7001,38.664,37.5395,38.4376,148158948
03/01/2019,35.0446,35.4681,34.5627,34.6089,365248780
04/01/2019,35.1785,36.1569,35.0008,36.0864,234428280
07/01/2019,36.1935,36.2251,35.5119,36.006,219111056
08/01/2019,36.4028,36.9529,36.1496,36.6924,164101256
09/01/2019,36.8239,37.6125,36.4198,37.3155,180396324
10/01/2019,37.1184,37.4762,36.7192,37.4348,143122680
11/01/2019,37.2109,37.4105,36.8774,37.0673,108092964
14/01/2019,36.7168,36.819,36.32,36.5099,129756744
15/01/2019,36.5756,37.335,36.522,37.2571,114841296
16/01/2019,37.2595,37.9411,37.2401,37.7123,122278824
17/01/2019,37.5322,38.3743,37.3034,37.9362,119284640
18/01/2019,38.3354,38.4279,37.9655,38.1699,135004092
22/01/2019,38.0701,38.148,37.1476,37.3131,121575880
23/01/2019,37.52,37.7609,36.9237,37.464,92522280
24/01/2019,37.5102,37.6003,36.9334,37.1671,101766196
25/01/2019,37.8437,38.4887,37.5614,38.3987,134191572
28/01/2019,37.9192,38.0506,37.4007,38.0433,104768232
29/01/2019,38.0311,38.4887,37.5102,37.649,166348956
30/01/2019,39.7349,40.4408,38.9998,40.2217,244439120
31/01/2019,40.431,41.1345,40.0538,40.5114,162958596
01/02/2019,40.6379,41.1296,40.3872,40.5308,130672552
04/02/2019,40.7475,41.7807,40.7158,41.6821,125982328
05/02/2019,42.074,42.6143,41.9499,42.3953,144406512
06/02/2019,42.5097,42.7336,42.0723,42.4099,112958364
07/02/2019,41.962,42.3369,41.4606,41.6067,126966760
08/02/2019,41.3082,41.7164,41.1689,41.6553,95279864
11/02/2019,41.8118,41.8509,41.3718,41.4158,83973700
12/02/2019,41.5796,41.7996,41.4818,41.7727,89134092
13/02/2019,41.8949,42.1613,41.5356,41.5991,89960932
14/02/2019,41.4842,41.8635,41.4036,41.7507,87342988
15/02/2019,41.8607,41.9707,41.494,41.6578,98507256
19/02/2019,41.4842,41.9071,41.4304,41.7824,75891304
20/02/2019,41.846,42.3667,41.7971,42.0513,104457448
21/02/2019,41.9951,42.1344,41.6284,41.8142,68998680
22/02/2019,41.9413,42.2884,41.8924,42.2811,75652616
25/02/2019,42.572,42.99,42.5207,42.5891,87493432
26/02/2019,42.462,42.8507,42.3308,42.6135,68280844
27/02/2019,42.3398,42.7773,42.2224,42.7455,111341556
28/02/2019,42.6111,42.7553,42.2689,42.3251,112861664
01/03/2019,42.6013,42.814,42.2616,42.77,103544668
04/03/2019,42.946,43.4495,42.5255,42.9851,109744812
05/03/2019,43.0071,43.0218,42.6649,42.9069,78949676
06/03/2019,42.6967,42.8971,42.5182,42.66,83241536
07/03/2019,42.5011,42.6404,42.0489,42.1662,99185496
08/03/2019,41.6333,42.3055,41.4329,42.2664,95997432
11/03/2019,42.8971,43.7844,42.8629,43.7306,128044136
12/03/2019,43.9995,44.6522,43.8455,44.222,129870336
13/03/2019,44.5495,44.8062,44.2244,44.4175,124130096
14/03/2019,44.9529,45.0017,44.6253,44.9113,94318032
15/03/2019,45.1851,45.7913,44.9137,45.4955,156171648
18/03/2019,45.4173,46.0504,45.4148,45.96,104879328
19/03/2019,46.0406,46.1971,45.4466,45.5957,126585476
20/03/2019,45.5224,46.3193,45.1557,45.9942,124140924
21/03/2019,46.4488,47.9913,46.3975,47.6882,204136948
22/03/2019,47.7493,48.3237,46.6346,46.7006,169630664
25/03/2019,46.8131,46.9279,45.6128,46.136,175381172
26/03/2019,46.8507,47.1479,45.1191,45.6593,199202152
27/03/2019,46.1384,46.3853,45.6006,46.07,119393708
28/03/2019,46.1873,46.3362,45.8402,46.1311,83121452
29/03/2019,46.4024,46.4635,46.0871,46.4317,94255844
01/04/2019,46.8448,46.8546,46.048,46.7471,111447856
02/04/2019,46.7104,47.5342,46.7006,47.4266,91062928
03/04/2019,47.2384,48.0328,47.2139,47.7517,93087320
04/04/2019,47.6148,48.001,47.2115,47.8348,76457100
05/04/2019,48.0206,48.1795,47.8935,48.155,74106576
08/04/2019,48.0133,48.9446,47.9937,48.9128,103526788
09/04/2019,48.9666,49.585,48.7001,48.7661,143072948
10/04/2019,48.5657,49.0693,48.4435,49.0399,86781152
11/04/2019,49.0961,49.1328,48.5078,48.6317,83603232
12/04/2019,48.6928,48.9226,47.9619,48.6121,111042672
15/04/2019,48.5413,48.8517,48.4019,48.7001,70146584
16/04/2019,48.7564,49.2233,48.5364,48.705,102785540
17/04/2019,48.7759,49.7146,48.5486,49.6535,115627120
18/04/2019,49.651,49.9028,49.5044,49.8319,96783064
22/04/2019,49.5801,50.0959,49.4604,49.9957,77758180
23/04/2019,49.9712,50.7828,49.8417,50.7168,93291964
24/04/2019,50.6875,50.9612,50.6117,50.6386,70162436
25/04/2019,50.5579,50.7852,50.1399,50.179,74172824
26/04/2019,50.0861,50.1106,49.4066,49.9395,74596408
29/04/2019,49.9639,50.3477,49.8319,50.0152,88818864
30/04/2019,49.6364,49.7195,48.6708,49.0521,186139692
01/05/2019,51.3035,52.6308,51.1446,51.4599,259309312
02/05/2019,51.2937,51.9806,50.8757,51.125,127985296
03/05/2019,51.5503,51.7826,51.389,51.7606,83569512
06/05/2019,49.937,51.0492,49.7439,50.9612,129772452
07/05/2019,50.3257,50.7015,49.09,49.5875,155054792
08/05/2019,49.3528,50.1937,49.3161,49.5972,105358016
09/05/2019,48.9861,49.299,48.0719,49.0644,139634428
10/05/2019,48.4459,48.7971,47.3051,48.3873,164834848
13/05/2019,46.0634,46.4977,44.8707,45.575,229722492
14/05/2019,45.7443,46.5517,45.4989,46.2965,146118708
15/05/2019,45.71,47.0548,45.6486,46.8511,106178872
16/05/2019,46.6032,47.2312,46.3407,46.6449,132125456
17/05/2019,45.8719,46.8462,45.8302,46.3799,131516360
20/05/2019,45.0351,45.2386,44.241,44.9296,154449160
21/05/2019,45.4523,46.1345,45.3247,45.791,113459392
22/05/2019,45.3149,45.5726,44.7971,44.8536,118994224
23/05/2019,44.1223,44.3039,43.6339,44.0879,146118944
24/05/2019,44.2204,44.6965,43.8327,43.9186,94858744
28/05/2019,43.9063,44.3161,43.6585,43.737,111792640
29/05/2019,43.2928,44.0118,43.1898,43.5284,113924660
30/05/2019,43.6683,43.9824,43.3542,43.7542,84873648
31/05/2019,43.2462,43.6781,42.9419,42.9615,108174336
03/06/2019,43.0916,43.6609,41.7836,42.5272,161584276
04/06/2019,43.0523,44.1296,42.8266,44.083,123871844
05/06/2019,45.2216,45.3959,44.4511,44.7947,119093708
06/06/2019,44.9272,45.5137,44.6987,45.4523,90105244
07/06/2019,45.7689,47.0965,45.5873,46.6621,122737572
10/06/2019,47.0695,47.9431,47.0229,47.2584,104883404
11/06/2019,47.8179,48.0977,47.5087,47.8057,107731528
12/06/2019,47.5946,48.0903,47.456,47.6535,73012756
13/06/2019,47.7787,48.2916,47.5087,47.6437,86698500
14/06/2019,47.0045,47.5054,46.6989,47.2977,75045896
17/06/2019,47.337,47.8425,47.1578,47.5799,58676576
18/06/2019,48.11,49.1504,47.9038,48.6989,106204016
19/06/2019,49.0008,49.0498,48.4192,48.5566,84496940
20/06/2019,49.1701,49.229,48.5958,48.9468,86055952
21/06/2019,48.7848,49.2879,48.6253,48.7799,191202356
24/06/2019,48.721,49.1185,48.6302,48.7308,72881684
25/06/2019,48.694,48.8977,47.9235,47.9922,84281336
26/06/2019,48.532,49.3222,48.429,49.0302,104270048
27/06/2019,49.1504,49.4646,48.9738,49.0155,83598868
28/06/2019,48.7554,48.9554,48.3554,48.5689,124442568
01/07/2019,49.8572,50.1811,49.2388,49.4596,109266956
02/07/2019,49.4253,49.8479,49.413,49.7492,67740868
03/07/2019,49.8842,50.1688,49.7394,50.1615,45448180
05/07/2019,49.9014,50.3259,49.7909,50.1173,69062072
08/07/2019,49.2781,49.4228,48.6891,49.0842,101354512
09/07/2019,48.883,49.4498,48.7873,49.3836,82312060
10/07/2019,49.5333,49.9946,49.4621,49.8719,71588552
11/07/2019,49.8915,50.1566,49.4989,49.5087,80767368
12/07/2019,49.6805,50.0609,49.6192,49.8891,70380848
15/07/2019,50.083,50.5198,50.0609,50.3578,67789680
16/07/2019,50.2056,50.5787,49.9382,50.1836,67467264
17/07/2019,50.0731,50.3287,49.8817,49.9014,56429800
18/07/2019,50.0609,50.5222,49.9872,50.4682,74328644
19/07/2019,50.5001,50.6744,49.6584,49.7149,83717228
22/07/2019,49.975,50.8535,49.9652,50.851,89111728
23/07/2019,51.1553,51.2658,50.8682,51.2486,73420840
24/07/2019,50.9615,51.3247,50.8388,51.2069,59966268
25/07/2019,51.2609,51.3467,50.7308,50.802,55638248
26/07/2019,50.9148,51.467,50.8314,50.9786,70475496
29/07/2019,51.1553,51.6903,51.1504,51.4547,86693556
30/07/2019,51.229,51.5725,50.8731,51.2339,135742872
31/07/2019,53.1087,54.3234,51.8523,52.2792,277125444
01/08/2019,52.4903,53.5038,50.7341,51.148,216071688
02/08/2019,50.4363,50.6572,49.4793,50.0658,163448488
05/08/2019,48.586,48.7477,47.2584,47.4449,209571876
06/08/2019,48.1738,48.6049,47.6167,48.3431,143299148
07/08/2019,47.9529,48.9713,47.5627,48.8437,133457600
08/08/2019,49.1284,49.9455,48.9296,49.921,108038092
09/08/2019,49.5875,49.9472,49.0924,49.5112,98478984
12/08/2019,49.1737,49.7727,49.0579,49.3855,89927556
13/08/2019,49.5186,52.2578,49.4718,51.4769,190159144
14/08/2019,50.0457,50.8537,49.9046,49.9447,146189772
15/08/2019,50.1196,50.5335,49.186,49.6959,111533452
16/08/2019,50.3216,51.0311,50.2132,50.8685,115254496
19/08/2019,51.8834,52.4033,51.7368,51.8169,97727660
20/08/2019,51.9474,52.5559,51.8095,51.8194,107678116
21/08/2019,52.4672,52.6298,52.1256,52.381,86258988
22/08/2019,52.5165,52.8232,51.9154,52.3367,89071276
23/08/2019,51.5903,52.2359,49.5136,49.9176,187531372
26/08/2019,50.7108,51.0385,50.5131,50.866,104264520
27/08/2019,51.2035,51.3735,50.1369,50.2921,103589376
28/08/2019,50.2773,50.6763,50.0851,50.6295,63830528
29/08/2019,51.3612,51.5632,50.9067,51.4868,84030608
30/08/2019,51.7701,51.8415,51.0409,51.4203,84650244
03/09/2019,50.8512,50.9867,50.3068,50.6714,80238296
04/09/2019,51.3341,51.6026,51.0705,51.5311,76867280
05/09/2019,52.2233,52.7086,52.1026,52.5387,95787936
06/09/2019,52.7283,52.8195,52.349,52.5337,76928340
09/09/2019,52.9229,53.3171,51.9943,52.7579,109237604
10/09/2019,52.6815,53.4008,52.1519,53.3811,127111724
11/09/2019,53.7186,55.1079,53.6349,55.0784,177158584
12/09/2019,55.3765,55.7755,54.8986,54.954,128906676
13/09/2019,54.194,54.3886,53.46,53.8861,159053184
16/09/2019,53.6349,54.2261,53.593,54.1694,84632564
17/09/2019,54.1842,54.396,53.9773,54.3665,73545872
18/09/2019,54.4552,54.8961,54.0561,54.8764,102572372
19/09/2019,54.6892,55.1203,54.2852,54.4305,88751504
20/09/2019,54.534,54.8247,53.5715,53.6349,231908376
23/09/2019,53.9354,54.1546,53.6151,53.8787,77678592
24/09/2019,54.4539,54.8074,53.5018,53.6225,125737468
25/09/2019,53.8368,54.5635,53.4896,54.4478,89924024
26/09/2019,54.194,54.4256,53.9058,54.1669,76353248
27/09/2019,54.3271,54.4305,53.5243,53.9034,101445140
30/09/2019,54.4157,55.3223,54.3886,55.172,105274332
01/10/2019,55.443,56.2189,55.2286,55.3247,144748652
02/10/2019,54.9478,55.0759,53.6841,53.9378,143069028
03/10/2019,53.8073,54.4305,52.9949,54.396,121410744
04/10/2019,55.5834,56.0391,55.1523,55.9209,139022212
07/10/2019,55.7386,56.6402,55.6326,55.9332,123557076
08/10/2019,55.6277,56.1795,55.2607,55.2779,117130800
09/10/2019,55.9258,56.113,55.5834,55.9258,76117696
10/10/2019,56.1475,56.7658,55.9923,56.6796,115851936
11/10/2019,57.3841,58.5394,57.2258,58.1872,167960840
14/10/2019,57.8644,58.6612,57.8078,58.1034,97653936
15/10/2019,58.2315,58.5419,57.8595,57.9679,92161932
16/10/2019,57.4876,57.9482,57.4457,57.7339,77146776
17/10/2019,57.9113,58.1724,57.5245,57.9581,69091588
18/10/2019,57.7881,58.5246,57.7142,58.2364,96992092
21/10/2019,58.5099,59.3646,58.4606,59.2464,87246268
22/10/2019,59.4065,59.6627,59.0276,59.1109,90736004
23/10/2019,59.6381,59.9189,59.4213,59.9041,79730180
24/10/2019,60.2317,60.3032,59.5654,60.0027,71665020
25/10/2019,59.8992,60.7786,59.8302,60.7417,73477184
28/10/2019,60.9486,61.3994,60.7761,61.3501,96572964
29/10/2019,61.3304,61.5225,59.7539,59.9312,142839468
30/10/2019,60.2933,60.4263,59.4188,59.9238,124522088
31/10/2019,60.9042,61.3797,58.4458,61.2787,139162080
01/11/2019,61.4708,63.0449,61.3772,63.0178,151125336
04/11/2019,63.3898,63.5166,62.9094,63.4317,103271808
05/11/2019,63.3208,63.6016,63.141,63.3405,79897708
06/11/2019,63.2518,63.4292,62.9057,63.3676,75864496
07/11/2019,63.9263,64.3241,63.7706,64.0968,94940332
08/11/2019,63.9139,64.3463,63.4593,64.2722,70081980
11/11/2019,63.8176,64.8478,63.8126,64.7811,82029836
12/11/2019,64.6205,64.9269,64.4649,64.7218,87388904
13/11/2019,64.5168,65.4186,64.502,65.342,103270372
14/11/2019,65.1641,65.4433,64.7564,64.8899,89582224
15/11/2019,65.1468,65.6656,64.9813,65.6607,100374664
18/11/2019,65.6706,66.0733,65.2827,65.9918,86803588
19/11/2019,66.1894,66.2141,65.5699,65.7916,76278388
20/11/2019,65.6063,65.7405,64.3364,65.0257,106439676
21/11/2019,65.1493,65.2271,64.5291,64.7342,121395112
22/11/2019,64.8775,65.0233,64.4451,64.6774,65325052
25/11/2019,64.9071,65.8287,64.8602,65.8114,84118068
26/11/2019,65.9522,66.0066,64.8553,65.2975,105339528
27/11/2019,65.6162,66.2092,65.5495,66.1746,65544488
29/11/2019,65.8682,66.2141,65.6953,66.0288,46617452
02/12/2019,66.0338,66.2759,65.09,65.2654,94774200
03/12/2019,63.82,64.1215,63.321,64.1017,117509072
04/12/2019,64.502,65.0554,64.4056,64.6675,67241552
05/12/2019,65.174,65.6928,64.9121,65.6162,74645372
06/12/2019,66.0857,66.9553,66.0412,66.8837,106189972
09/12/2019,66.7083,66.9059,65.4507,65.9473,128730580
10/12/2019,66.3624,66.7256,65.6854,66.3327,90529532
11/12/2019,66.4143,66.98,66.3377,66.8985,78893564
12/12/2019,66.1598,67.3407,66.0464,67.069,137748168
13/12/2019,67.069,68.0177,66.938,67.9807,133731224
16/12/2019,68.4377,69.3741,68.4328,69.1444,128324420
17/12/2019,69.0727,69.6163,68.8825,69.2802,114303192
18/12/2019,69.1295,69.6484,68.9615,69.1147,116098748
19/12/2019,69.0554,69.4705,68.9195,69.1839,98507788
20/12/2019,69.7299,69.8337,68.8232,69.0406,276130972
23/12/2019,69.3099,70.229,69.2712,70.1672,98711532
24/12/2019,70.3377,70.3871,69.9003,70.2339,48478856
26/12/2019,70.3698,71.6447,70.3402,71.6274,93336016
27/12/2019,71.9263,72.6305,71.1851,71.6002,146371744
30/12/2019,71.5162,72.3142,70.4686,72.0252,144238456
31/12/2019,71.6323,72.5588,71.531,72.5514,100990500
02/01/2020,73.1913,74.2685,72.9319,74.2068,135647456
03/01/2020,73.4162,74.2636,73.2556,73.4853,146535512
06/01/2020,72.586,74.1104,72.3291,74.0709,117288824
07/01/2020,74.0808,74.3427,73.4977,73.7225,111510620
08/01/2020,73.4186,75.2173,73.4176,74.9084,132363784
09/01/2020,75.9078,76.6972,75.6521,76.4996,167082252
10/01/2020,76.7392,77.2506,76.1586,76.6725,140869088
13/01/2020,76.9962,78.3377,76.8751,78.3106,120114968
14/01/2020,78.2463,78.4613,77.1271,77.2531,162613828
15/01/2020,77.0481,77.9498,76.4798,76.922,121923528
16/01/2020,77.4779,77.9993,77.1073,77.8856,108829016
17/01/2020,78.1401,78.7503,77.8263,78.7479,137816468
21/01/2020,78.3674,78.8195,78.0734,78.2142,108940156
22/01/2020,78.7108,79.0592,78.397,78.4934,101832460
23/01/2020,78.5478,78.9529,77.9869,78.8714,104471972
24/01/2020,79.1234,79.8844,78.4486,78.6441,146537520
27/01/2020,76.6058,77.0283,75.326,76.3316,161940020
28/01/2020,77.2334,78.6663,77.1321,78.4909,162233944
29/01/2020,80.1611,81.0011,79.4026,80.1339,216599712
30/01/2020,79.1959,80.0722,78.7528,80.0178,126743232
31/01/2020,79.2914,79.7238,76.1685,76.4699,199588384
03/02/2020,75.1827,77.4532,74.6688,76.2599,173985604
04/02/2020,77.9029,78.9727,77.4889,78.7775,136616536
05/02/2020,79.9313,80.2377,78.8022,79.4199,118826872
06/02/2020,79.6966,80.3513,79.1259,80.3489,105425540
07/02/2020,79.8388,80.0939,78.7566,79.2593,117684048
10/02/2020,77.8105,79.6358,77.7288,79.6358,109348860
11/02/2020,80.1435,80.2178,78.9324,79.1553,94323120
12/02/2020,79.6159,81.04,79.6159,81.035,113730292
13/02/2020,80.2896,80.7923,80.0815,80.458,94747568
14/02/2020,80.4233,80.7329,79.9577,80.4778,80113788
18/02/2020,78.1027,79.19,77.917,79.0042,152762180
19/02/2020,79.2519,80.3837,79.2519,80.1484,93983964
20/02/2020,79.9032,80.4035,78.8086,79.3262,100565956
21/02/2020,78.9101,79.3633,76.8991,77.5306,129705660
24/02/2020,73.62,75.3339,71.6313,73.8479,222195312
25/02/2020,74.5339,74.9252,70.8636,71.3465,230673456
26/02/2020,70.9626,73.7736,70.9552,72.4783,198713724
27/02/2020,69.6178,70.8314,67.6019,67.7405,320605524
28/02/2020,63.7136,68.9516,63.4931,67.7009,426884920
02/03/2020,69.9101,74.6553,68.7807,74.0039,341397356
03/03/2020,75.2076,75.2893,70.7818,71.6536,319475408
04/03/2020,73.417,75.1407,72.5972,74.9772,219178272
05/03/2020,73.1891,74.1872,72.1712,72.5452,187572876
06/03/2020,69.8407,72.0251,69.65,71.5818,226176984
09/03/2020,65.3209,68.8724,65.1351,65.9202,282534164
10/03/2020,68.6371,70.9403,66.7127,70.6679,285290080
11/03/2020,68.699,69.6475,67.3294,68.2136,251274092
12/03/2020,63.3866,66.8688,61.4202,61.4772,418474068
13/03/2020,65.6032,69.3256,62.6461,68.8426,370732128
16/03/2020,59.9218,64.1643,59.4389,59.9862,317293276
17/03/2020,61.2988,63.8002,59.0426,62.6238,321976284
18/03/2020,59.3819,61.9155,58.7256,61.0908,300233624
19/03/2020,61.2679,62.6189,60.0853,60.6227,271857020
20/03/2020,61.2171,62.3688,56.467,56.7741,401693384
23/03/2020,56.4868,56.5907,52.6554,55.5679,336752832
24/03/2020,58.5374,61.3434,58.0272,61.1428,287531092
25/03/2020,62.1013,63.9587,60.5039,60.806,296674648
26/03/2020,61.0537,64.0652,61.014,64.0058,252560676
27/03/2020,62.5966,63.3693,61.1849,61.3558,204216612
30/03/2020,62.0988,63.2826,61.7669,63.1068,167976440
31/03/2020,63.3024,65.0088,62.4109,62.978,196157656
01/04/2020,61.0487,61.5985,59.2234,59.6643,174404196
02/04/2020,59.5231,60.7144,58.6712,60.6599,165273044
03/04/2020,60.1324,60.8506,59.1848,59.7881,129880068
06/04/2020,62.1384,65.1624,61.762,65.0039,200351804
07/04/2020,67.0669,67.2898,64.1445,64.251,202137960
08/04/2020,65.0707,66.2174,64.6968,65.8955,164829120
09/04/2020,66.5468,66.8861,65.5562,66.371,162116492
13/04/2020,66.4502,67.7851,65.836,67.6737,131022924
14/04/2020,69.3454,71.3886,68.8625,71.0914,194994688
15/04/2020,69.9398,70.9131,69.5014,70.4425,131154564
16/04/2020,71.1731,71.3756,69.9274,71.0023,157125160
17/04/2020,70.5069,71.0654,68.5677,70.0388,215249912
20/04/2020,68.8377,69.7615,68.5653,68.5851,127949604
21/04/2020,68.4241,68.6643,65.737,66.4651,180991572
22/04/2020,67.7628,68.8253,67.4136,68.3795,114432336
23/04/2020,68.3225,69.7788,68.0749,68.1145,123426528
24/04/2020,68.6519,70.0909,68.6024,70.0809,126508732
27/04/2020,69.7912,70.4698,69.333,70.1305,116821920
28/04/2020,70.6035,70.7893,68.8996,68.9937,109034440
29/04/2020,70.5168,71.7403,70.3088,71.2598,137280816
30/04/2020,71.8121,72.9439,71.4134,72.7631,183063872
01/05/2020,70.8933,74.051,70.7942,71.5917,240616700
04/05/2020,71.6165,72.7359,70.9099,72.6046,133567944
05/05/2020,73.0752,74.5463,72.9266,73.6943,147751180
06/05/2020,74.4126,75.1011,74.0188,74.4547,142333752
07/05/2020,75.0961,75.579,74.7865,75.2249,115215056
08/05/2020,75.8956,77.0652,75.5604,77.0105,134047940
11/05/2020,76.5065,78.7289,76.2929,78.2223,145186952
12/05/2020,78.9226,79.3839,77.2042,77.3284,162301052
13/05/2020,77.5121,78.4557,75.2922,76.3947,200622556
14/05/2020,75.615,76.9261,74.875,76.864,158929076
15/05/2020,74.582,76.4568,74.5472,76.4096,164073664
18/05/2020,77.7654,78.5923,77.0587,78.2099,135372500
19/05/2020,78.2273,79.0939,77.7257,77.758,101729540
20/05/2020,78.637,79.3422,78.5178,79.2702,111504860
21/05/2020,79.1287,79.6824,78.4359,78.6792,102688844
22/05/2020,78.411,79.2702,78.3067,79.1858,81803016
26/05/2020,80.3305,80.5143,78.5923,78.6494,125521816
27/05/2020,78.5029,79.1411,77.7456,78.9921,112945096
28/05/2020,78.6594,80.3156,78.3763,79.0269,133796412
29/05/2020,79.2752,79.747,78.5849,78.9499,153598128
01/06/2020,78.9027,80.045,78.7686,79.9208,81018612
02/06/2020,79.6464,80.3156,79.1957,80.2908,87019260
03/06/2020,80.6186,81.001,80.0326,80.7328,104281476
04/06/2020,80.5515,80.857,79.6551,80.0375,85441932
05/06/2020,80.2933,82.3791,80.2635,82.3171,137250200
08/06/2020,82.0067,82.8385,81.2791,82.8038,95407900
09/06/2020,82.476,85.8208,82.4437,85.4185,147712364
10/06/2020,86.3895,88.0954,85.94,87.6162,165423144
11/06/2020,86.7396,87.1741,83.3054,83.4097,198270700
12/06/2020,85.5998,86.3646,82.9933,84.1298,200146052
15/06/2020,82.7516,85.8382,82.5852,85.1702,138808920
16/06/2020,87.2735,87.7055,85.5998,87.4274,164436052
17/06/2020,88.1898,88.2518,87.1816,87.3058,114406504
18/06/2020,87.2611,87.7676,86.7172,87.3405,94421232
19/06/2020,88.0619,88.5399,85.7066,86.8414,264475808
22/06/2020,87.2437,89.26,87.1965,89.1135,134038636
23/06/2020,90.3874,92.4683,89.9578,91.0156,212155476
24/06/2020,90.6357,91.5768,89.0266,89.409,190982340
25/06/2020,89.5679,90.6357,88.7907,90.596,137522512
26/06/2020,90.4892,90.7151,87.6608,87.8123,205256844
29/06/2020,87.718,89.9338,87.2288,89.8361,129839052
30/06/2020,89.414,90.879,89.3941,90.586,139190968
01/07/2020,90.6655,91.2217,90.365,90.4147,110761816
02/07/2020,91.3434,91.994,90.298,90.4147,115258064
06/07/2020,91.8773,93.3125,91.845,92.8333,118983744
07/07/2020,93.2207,94.0178,92.431,92.5452,112827996
08/07/2020,93.546,94.7329,93.4566,94.7006,117097916
09/07/2020,95.6144,95.6691,94.0351,95.0383,125681428
10/07/2020,94.6932,95.3338,94.0676,95.2742,90257320
13/07/2020,96.6102,99.2821,94.6162,94.8347,191652316
14/07/2020,94.2015,96.6003,93.2455,96.4041,170992476
15/07/2020,98.3236,98.5793,95.8404,97.0671,153227496
16/07/2020,95.9124,96.7492,95.2593,95.8727,110583708
17/07/2020,96.3346,96.4935,95.1948,95.679,92187020
20/07/2020,95.7672,97.8369,95.4158,97.6953,90318028
21/07/2020,98.5048,98.5818,96.0912,96.347,103648916
22/07/2020,96.0415,97.3154,95.9522,96.6176,89006628
23/07/2020,96.3454,96.424,91.3903,92.2199,197004432
24/07/2020,90.375,92.3441,88.5449,91.9915,185438864
27/07/2020,93.0791,94.2661,92.8507,94.1717,117879876
28/07/2020,93.7322,93.9131,92.6197,92.6247,101245172
29/07/2020,93.1189,94.5889,93.0816,94.4002,87272372
30/07/2020,93.5534,95.6492,93.1362,95.5424,126407408
31/07/2020,102.1911,105.6986,100.1462,105.5446,374295468
03/08/2020,107.4716,110.8849,107.1661,108.2041,307269208
04/08/2020,108.3978,110.0441,107.6578,108.9267,172792368
05/08/2020,108.6411,109.6493,108.1644,109.3215,120102788
06/08/2020,109.6617,113.6423,109.0583,113.1357,202428900
07/08/2020,112.6503,113.118,109.7521,110.5681,198045612
10/08/2020,112.0483,113.2175,109.461,112.1752,212403424
11/08/2020,111.4201,111.9314,108.5721,108.8391,185915844
12/08/2020,109.9561,112.72,109.7571,112.4563,164514552
13/08/2020,113.8693,115.4739,113.3693,114.4465,201950304
14/08/2020,114.2661,114.4365,112.4911,114.3445,165565208
17/08/2020,115.4938,115.5187,113.4041,114.046,117725656
18/08/2020,113.7922,115.4316,113.4489,114.9963,104095732
19/08/2020,115.415,116.5884,115.0436,115.1406,144547048
20/08/2020,115.1829,117.8119,115.1663,117.6955,125313344
21/08/2020,118.6782,124.2562,118.6657,123.7606,338054640
24/08/2020,128.0669,128.154,123.329,125.2408,343339388
25/08/2020,124.0865,124.566,122.4496,124.2134,208941716
26/08/2020,125.5609,126.3703,124.4696,125.9026,161004836
27/08/2020,126.5195,126.8604,123.2258,124.3975,154146696
28/08/2020,125.3951,125.823,123.9671,124.196,187629916
31/08/2020,126.9549,130.3581,125.3826,128.4077,223505733
01/09/2020,132.1095,134.1395,129.8904,133.5226,150698946
02/09/2020,136.9159,137.3039,126.3777,130.7562,198233370
03/09/2020,126.2882,128.2087,119.9096,120.2877,250623616
04/09/2020,119.4817,123.0939,110.3467,120.3673,332607163
08/09/2020,113.3917,118.407,112.1279,112.2672,226149287
09/09/2020,116.6855,118.5563,114.6953,116.7452,172144189
10/09/2020,119.7703,119.9096,111.9488,112.9339,182274391
11/09/2020,114.0086,114.6654,109.461,111.4512,180860325
14/09/2020,114.1579,115.362,112.2473,114.7898,138248838
15/09/2020,117.7502,118.2468,113.0533,114.9739,182985051
16/09/2020,114.6654,115.4316,111.491,111.5806,153804096
17/09/2020,109.1824,111.6503,108.1774,109.7994,176909480
18/09/2020,109.8591,110.3367,105.5702,106.3165,284477372
21/09/2020,104.0278,109.6501,102.5948,109.5406,193321297
22/09/2020,112.1279,112.307,108.6252,111.2622,181592150
23/09/2020,111.0731,111.5607,106.2469,106.5951,148510882
24/09/2020,104.6547,109.7098,104.4855,107.6898,167743349
25/09/2020,107.8987,111.8891,107.1425,111.7299,149981441
28/09/2020,114.4465,114.755,112.2274,114.3967,136441425
29/09/2020,113.9887,114.745,113.0135,113.531,98636389
30/09/2020,113.2325,116.6855,113.0633,115.2426,141667323
01/10/2020,117.0636,117.1432,115.2625,116.2178,114958231
02/10/2020,112.3369,114.8047,111.6702,112.4662,144711986
05/10/2020,113.3519,116.0785,112.9936,115.9292,105392594
06/10/2020,115.1331,115.5511,111.7,112.6056,159519440
07/10/2020,114.0584,114.9838,113.5708,114.5161,96135446
08/10/2020,115.6804,115.8297,114.0286,114.4067,82322071
09/10/2020,114.7152,116.4267,114.3569,116.3969,100506865
12/10/2020,119.4717,124.5667,118.7,123.7905,236262242
13/10/2020,124.6562,124.7756,119.0638,120.5067,260497701
14/10/2020,120.4071,122.4272,119.0339,120.5962,150268765
15/10/2020,118.1383,120.6062,117.5711,120.1186,111278956
16/10/2020,120.6858,120.9525,118.2279,118.4368,115393808
19/10/2020,119.3722,119.829,115.0933,115.4117,119366165
20/10/2020,115.6307,118.397,115.0635,116.9342,124423728
21/10/2020,116.0984,118.1234,115.8794,116.2974,89945980
22/10/2020,116.8745,117.4616,114.0285,115.1829,101354341
23/10/2020,115.8197,115.9789,113.7201,114.4763,82572645
26/10/2020,113.4514,115.9789,112.3269,114.4863,109974392
27/10/2020,114.9241,116.7054,113.9787,116.0287,90967291
28/10/2020,114.4863,114.8644,110.5556,110.6552,142355296
29/10/2020,111.8194,116.3571,111.6503,114.755,146129173
30/10/2020,110.5158,111.4413,107.1922,108.3266,190573476
02/11/2020,108.5754,110.1377,106.7942,108.2371,122866899
03/11/2020,109.1227,110.9437,108.1973,109.8989,107624448
04/11/2020,113.5808,115.0236,111.7995,114.3868,138235482
05/11/2020,117.3721,119.0339,116.296,118.4468,125201932
06/11/2020,117.9436,118.8208,115.7606,118.3125,114457922
09/11/2020,120.1167,121.602,115.6809,115.95,154515315
10/11/2020,115.1824,117.216,113.767,115.6011,133345001
11/11/2020,116.8172,119.2495,116.0696,119.1099,112294954
12/11/2020,119.2395,120.1466,118.1928,118.8308,103350674
13/11/2020,119.0601,119.291,117.4951,118.8806,81688586
16/11/2020,118.5417,120.6051,117.7702,119.9173,91183018
17/11/2020,119.1697,120.2902,118.5816,119.0102,74270973
18/11/2020,118.2327,119.4389,117.6246,117.6546,76322111
19/11/2020,117.216,118.6813,116.4384,118.2626,74112972
20/11/2020,118.2626,118.3922,116.9169,116.9667,71568288
23/11/2020,116.8073,117.2461,113.3882,113.4879,125934410
24/11/2020,113.5477,115.4815,112.2319,114.8037,113226248
25/11/2020,115.1824,116.3786,114.8037,115.6609,76499234
27/11/2020,116.1992,117.1163,115.8503,116.2191,46691331
30/11/2020,116.5979,120.5852,116.4384,118.6713,169410176
01/12/2020,120.6251,123.0766,119.6283,122.3296,125920963
02/12/2020,121.6319,122.9776,120.5055,122.6885,89004195
03/12/2020,123.1271,123.3863,121.8213,122.5489,78967630
04/12/2020,122.21,122.47,121.1335,121.8611,78260421
07/12/2020,121.9209,124.1738,121.8611,123.3564,86711990
08/12/2020,123.9744,124.5824,122.6985,123.9844,82225512
09/12/2020,124.1339,125.5494,120.6151,121.3926,115089193
10/12/2020,120.1167,123.476,119.7678,122.848,81312170
11/12/2020,122.0406,122.3695,120.1665,122.0206,86939786
14/12/2020,122.21,122.9576,121.1534,121.3926,79075988
15/12/2020,123.9445,127.4932,123.7352,127.4732,157572262
16/12/2020,127.0047,127.9617,126.1574,127.4034,98208591
17/12/2020,128.49,129.1678,127.6377,128.2906,94359811
18/12/2020,128.5498,128.6893,125.7188,126.2521,192541496
21/12/2020,124.6223,127.9019,123.0563,127.8221,121251553
22/12/2020,131.1914,133.9775,129.2376,131.4605,169351825
23/12/2020,131.7396,132.0087,130.364,130.5434,87689496
24/12/2020,130.9023,133.0355,130.683,131.5502,54930064
28/12/2020,133.5638,136.9031,133.0853,136.2552,124486237
29/12/2020,137.6109,138.3475,133.9136,134.441,120520930
30/12/2020,135.1487,135.5574,132.9757,133.2946,96452124
31/12/2020,133.6535,134.3114,131.301,132.2679,99116586
04/01/2021,133.0953,133.1866,126.3568,128.9984,143301887
05/01/2021,128.48,131.3209,128.0215,130.5933,96942904
06/01/2021,127.3137,130.633,125.98,126.1973,155087970
07/01/2021,127.9517,131.2113,127.4533,130.5036,108247276
08/01/2021,132.0087,132.2081,129.8157,131.63,105158245
11/01/2021,128.7791,129.7559,128.0912,128.5697,100620880
12/01/2021,128.0912,129.2775,126.4565,128.3903,90440255
13/01/2021,128.3504,131.0319,128.0813,130.4736,88172900
14/01/2021,130.3839,130.5833,128.3504,128.4999,90221755
15/01/2021,128.3704,129.81,126.596,126.7356,111598531
19/01/2021,127.3735,128.3006,126.5342,127.4234,89857877
20/01/2021,128.2507,132.0686,128.1411,131.61,103818252
21/01/2021,133.3744,139.2257,133.1651,136.4346,120529544
22/01/2021,135.8465,139.4051,134.5905,138.6276,114459360
25/01/2021,142.6149,144.6285,136.1057,142.4654,156955243
26/01/2021,143.1432,143.841,140.9203,142.7046,98390555
27/01/2021,142.9738,143.841,139.9634,141.6081,140843759
28/01/2021,139.0762,141.5383,136.2652,136.6539,140350959
29/01/2021,135.3979,136.305,129.7958,131.5402,177523812
01/02/2021,133.3245,134.9494,130.5135,133.7133,105920089
02/02/2021,135.2983,135.8764,134.1818,134.5606,82321579
03/02/2021,135.3282,135.3381,133.185,133.5139,89880937
04/02/2021,135.8664,136.9629,134.1619,136.953,84183061
05/02/2021,137.1183,137.1882,135.6308,136.5293,75693830
08/02/2021,135.8006,136.729,134.6924,136.6791,71137698
09/02/2021,136.3896,137.6444,135.6209,135.7806,76774213
10/02/2021,136.2498,136.7589,134.1733,135.1616,72647988
11/02/2021,135.6708,136.1599,133.5444,134.9021,63734349
12/02/2021,134.1234,135.3014,133.4666,135.1417,60145130
16/02/2021,135.2615,135.7806,132.566,132.9653,80576316
17/02/2021,131.0286,131.997,129.2516,130.6193,98085249
18/02/2021,128.9821,129.7757,127.1951,129.4912,96856748
19/02/2021,130.0203,130.4895,128.5827,129.6509,87668834
22/02/2021,127.7941,129.5012,125.3881,125.7875,103916419
23/02/2021,123.5513,126.4963,118.1903,125.6477,158273022
24/02/2021,124.7293,125.3482,122.0238,125.1386,111039904
25/02/2021,124.4697,126.2452,120.3367,120.7859,148199540
26/02/2021,122.3832,124.6394,120.9956,121.0555,164560394
01/03/2021,123.5413,127.7142,122.5829,127.5745,116307892
02/03/2021,128.1934,128.5029,124.7991,124.909,102260945
03/03/2021,124.5995,125.498,121.6345,121.8541,111513849
04/03/2021,121.5446,123.3915,118.4199,119.9274,178154975
05/03/2021,120.7759,121.7293,117.3717,121.2152,153766601
08/03/2021,120.726,120.7959,116.014,116.1637,154376610
09/03/2021,118.8292,121.8541,118.5896,120.8808,129525780
10/03/2021,121.4847,121.9639,119.2485,119.7776,111943326
11/03/2021,122.3333,123.0022,121.0555,121.7543,103026514
12/03/2021,120.1969,120.9656,118.959,120.8259,88105050
15/03/2021,121.2052,123.7908,120.2169,123.7809,91641641
16/03/2021,125.488,127.0054,124.5046,125.3582,114737887
17/03/2021,123.8408,125.6476,122.1297,124.5496,111434831
18/03/2021,122.6727,122.9722,120.1171,120.3267,121469755
19/03/2021,119.6978,121.2252,119.4731,119.7876,185549522
22/03/2021,120.127,123.6611,120.0572,123.1819,111912284
23/03/2021,123.122,124.0304,121.934,122.3333,95243836
24/03/2021,122.6128,122.6927,119.8625,119.8874,87949436
25/03/2021,119.3384,121.4548,118.7993,120.3866,98844681
26/03/2021,120.147,121.2751,118.7194,121.0056,94071234
29/03/2021,121.4448,122.3732,120.5263,121.1852,80819203
30/03/2021,119.9074,120.2,118.6595,119.6978,84778972
31/03/2021,121.4448,123.3117,120.9457,121.944,118323826
01/04/2021,123.4514,123.9705,122.2834,122.7925,75089134
05/04/2021,123.6611,125.9473,122.8624,125.6876,87551744
06/04/2021,126.2866,126.9156,125.4381,125.9971,80171253
07/04/2021,125.6178,127.7042,124.9289,127.6843,83466716
08/04/2021,128.7325,130.1701,128.3032,130.1401,88844591
09/04/2021,129.5811,132.8156,129.2516,132.7707,106686703
12/04/2021,132.2965,132.6259,130.4097,131.0186,91419983
13/04/2021,132.2166,134.4329,131.7075,134.2033,91266545
14/04/2021,134.7124,134.7723,131.4329,131.8073,87222782
15/04/2021,133.5943,134.7723,133.4146,134.2731,89347102
16/04/2021,134.0735,134.4428,133.0552,133.9337,84922386
19/04/2021,133.2848,135.2415,133.1151,134.6126,94264215
20/04/2021,134.7923,135.3014,131.5877,132.8855,94812349
21/04/2021,132.1367,133.5244,131.0786,133.2748,68847136
22/04/2021,132.8156,133.9237,131.1883,131.7175,84566456
23/04/2021,131.9371,134.8921,131.9371,134.0934,78756779
26/04/2021,134.6026,134.8322,133.3347,134.4928,65335049
27/04/2021,134.7823,135.1816,133.8838,134.1633,66015804
28/04/2021,134.0835,134.7923,132.8555,133.3547,107760097
29/04/2021,136.2398,136.8388,132.2266,133.2549,151100953
30/04/2021,131.5577,133.3347,130.8439,131.2383,109839466
03/05/2021,131.8173,133.8439,131.6076,132.3164,75135100
04/05/2021,130.9687,131.2681,126.4863,127.6344,137564718
05/05/2021,128.9821,130.23,127.7541,127.8839,84000900
06/05/2021,127.6743,129.5311,126.9156,129.5212,78128334
07/05/2021,130.85,131.2582,129.475,130.21,78973273
10/05/2021,129.41,129.54,126.81,126.85,87457656
11/05/2021,123.5,126.27,122.77,125.91,125668247
12/05/2021,123.4,124.64,122.25,122.77,111045315
13/05/2021,124.58,126.15,124.26,124.97,105861339
14/05/2021,126.25,127.89,125.85,127.45,81163792
17/05/2021,126.82,126.93,125.17,126.27,73810407
18/05/2021,126.56,126.99,124.78,124.85,62455311
19/05/2021,123.16,124.915,122.86,124.69,90595813
20/05/2021,125.23,127.72,125.1,127.31,76857123
21/05/2021,127.82,128,125.21,125.43,79295436
24/05/2021,126.01,127.94,125.94,127.1,62823701
25/05/2021,127.82,128.32,126.32,126.9,72009482
26/05/2021,126.955,127.39,126.42,126.85,54464024
27/05/2021,126.44,127.64,125.08,125.28,93505088
28/05/2021,125.57,125.8,124.55,124.61,71311109
01/06/2021,125.08,125.35,123.94,124.28,67637118
02/06/2021,124.28,125.24,124.05,125.06,58847659
03/06/2021,124.68,124.85,123.13,123.54,75331115
04/06/2021,124.07,126.16,123.85,125.89,74505841
07/06/2021,126.17,126.32,124.8321,125.9,70340619
08/06/2021,126.6,128.46,126.2101,126.74,74403774
09/06/2021,127.21,127.75,126.52,127.13,55584187
10/06/2021,127.02,128.19,125.94,126.11,70606505
11/06/2021,126.53,127.44,126.1,127.35,52839952
14/06/2021,127.82,130.54,127.07,130.48,96906490
15/06/2021,129.94,130.6,129.39,129.64,60771136
